Phase,Step,DCFR (Tabular Discounted CFR),Deep PDCFR (VR-DeepPDCFR+),Key Difference
1. Input Setup,What you configure,"Tree settings: board texture, bet sizes, stack depth, pot size, raise limits, position ranges","YAML config: game_name, num_episodes, num_traversals, alpha, gamma, network size (layers/hiddens), buffer sizes, epsilon","DCFR = configure the GAME TREE structure. Deep PDCFR = configure the LEARNING process"
1. Input Setup,Game definition,"Explicitly define every decision point: preflop ranges, flop/turn/river bet sizing tree (e.g. 33%/50%/75%/all-in)","Game loaded from OpenSpiel or custom NLHEGame class with MAX_ACTIONS=10 fixed action space","DCFR needs exact bet sizes upfront. Deep PDCFR uses fixed action abstraction the network learns over"
1. Input Setup,Tree size control,"User manually prunes: fewer bet sizes = smaller tree = faster solve. Trade accuracy for speed","User controls num_traversals (sampling density) and num_episodes (total compute budget). Tree is never fully built","DCFR user must balance tree size vs accuracy. Deep PDCFR user balances training budget vs accuracy"
1. Input Setup,Board/spot selection,"Select specific board (e.g. Ah Kd 7s flop) or batch of boards for a postflop spot","Configure game_name (KuhnPoker/LeducPoker/FHP) or custom NLHE subgame definition","DCFR solves ONE specific spot at a time. Deep PDCFR can learn across ALL spots simultaneously"
1. Input Setup,Config format,"GUI settings in solver software (PioSOLVER/GTO+/MonkerSolver) or proprietary config files","YAML file (e.g. configs/VRDeepPDCFRPlus.yaml) + CLI overrides: python scripts/run.py with configs/VRDeepPDCFRPlus.yaml game_name=FHP","Commercial solver GUIs vs research code YAML configs"
2. Run Simulation,How it starts,"Click 'Run' or 'Solve' in solver GUI. Solver builds full game tree in memory then iterates","python scripts/run.py with configs/VRDeepPDCFRPlus.yaml -- Sacred framework loads config and calls solver.solve()","DCFR = one-click GUI. Deep PDCFR = CLI command"
2. Run Simulation,What happens internally,"Full-tree traversal: visits EVERY node EVERY iteration. Updates regret table entry for each info set. CPU-bound","Sampling-based: DFS traverses random paths through tree (external sampling). Collects regret samples into buffer. Trains 4 neural nets on GPU","DCFR touches all nodes = exact but slow. Deep PDCFR samples subset = approximate but fast"
2. Run Simulation,Iteration details,"Each iteration: traverse full tree -> update regret[info_set][action] += cf_regret -> apply discount (t^alpha/(t^alpha+1)) -> regret match to get new strategy","Each iteration per player: (1) 10K DFS traversals collecting data -> (2) train cumulative regret net 750 steps -> (3) train immediate regret net -> (4) train baseline net -> (5) every 3 iters: train average policy net 5000 steps + evaluate","DCFR iteration = simple table update O(1) per node. Deep PDCFR iteration = neural net training (SGD) but visits far fewer nodes"
2. Run Simulation,Compute hardware,CPU only. Single-threaded or multi-threaded across nodes. RAM-bound by tree size,"GPU for neural net training + forward passes. CPU for tree traversal. Vectorized: processes all 1326 combos per node in one GPU batch","DCFR = buy more RAM for bigger trees. Deep PDCFR = buy bigger GPU for faster training"
2. Run Simulation,Memory usage,"O(nodes x actions x combos) -- stores regret value for every (info_set, action) pair. Grows linearly with tree. FHP ~910K nodes feasible, NLHE impossible","O(network_params + buffer_size) -- fixed ~1M params + 150K regret buffer + 1M policy buffer. Does NOT grow with game size","DCFR memory explodes with game size. Deep PDCFR memory is constant regardless of game size"
2. Run Simulation,Progress tracking,"Solver GUI shows: iteration count, current exploitability, estimated time remaining","Logs to data.csv every eval_frequency iterations: exploitability, regret_loss, nodes_touched, episode count","DCFR = visual progress bar. Deep PDCFR = CSV metrics file"
2. Run Simulation,Convergence signal,"Exploitability drops below threshold (e.g. <0.5% pot). User watches it converge and stops","Exploitability logged every 3 iterations. User checks data.csv or plots learning curve. No auto-stop","Both track exploitability. DCFR has built-in stopping. Deep PDCFR requires manual monitoring"
2. Run Simulation,Time per spot,"Minutes to hours per specific board/spot depending on tree size and iterations","Hours to days for training across game. But ONE trained model covers ALL spots in that game type","DCFR = fast per spot but must solve EACH spot separately. Deep PDCFR = slow to train but ONE model serves ALL spots"
3. Output,What you get,"Binary file (.cfr, .pio, etc.) containing the COMPLETE regret tree with converged strategies at every node","PyTorch model weights (state_dict) for: (1) average policy network, (2) per-player regret networks, (3) baseline network. Plus data.csv metrics","DCFR = a FILE containing a TREE. Deep PDCFR = a FILE containing NETWORK WEIGHTS"
3. Output,Output format,"Proprietary binary format specific to solver (PioSOLVER .cfr, GTO+ .gto, MonkerSolver .monk)","PyTorch .pt checkpoint files (portable). Currently saved in-memory; can torch.save(model.state_dict(), 'model.pt')","DCFR = vendor-locked binary. Deep PDCFR = standard PyTorch format"
3. Output,Output size,"Large: proportional to tree size. Each node stores strategy[combos x actions]. Can be hundreds of MB to GB per spot","Small: fixed ~5-10 MB regardless of game size (network parameters only)","DCFR output scales with game. Deep PDCFR output is constant size"
3. Output,What the output contains,"Complete strategy for every (info_set, action) pair at every node in the solved tree. Also stores regrets and EV for analysis","Learned function: given any game state as input -> outputs action probabilities. Generalizes to states not seen during training","DCFR = lookup table (exact answers for solved nodes only). Deep PDCFR = learned function (approximate answers for ANY state)"
3. Output,Logging/metrics,"Iteration count + final exploitability shown in GUI","data.csv with columns: step, nodes_touched, iteration, episode, exp, timestamps, regret_loss_0/1, baseline_loss_0/1","Deep PDCFR provides richer training diagnostics"
4. Usage/Query,How to view strategy,"Load binary file in solver GUI. Navigate the tree: click node -> see strategy (action frequencies per hand combo). Browse: flop -> turn -> river","Call model forward pass: ave_policy_trainer.action_probabilities(state) -> returns {action: probability} dict for that state","DCFR = visual tree browser. Deep PDCFR = programmatic API query"
4. Usage/Query,Querying a specific hand,"Select node in tree -> filter by specific hand -> see exact strategy (e.g. AhKd bets 75% for 60% on Qs9h3c flop)","Encode game state as tensor (infostate_size features) -> feed to network -> get action distribution. Works for ANY hand on ANY board","DCFR = manual GUI navigation. Deep PDCFR = feed state tensor and get answer instantly"
4. Usage/Query,Coverage,"Only the EXACT spots solved. Different board = solve again. Different bet size tree = solve again","ALL states in the game type the model was trained on. One model covers all boards/all hands/all lines","DCFR = solve each spot individually. Deep PDCFR = one model covers everything (the DEEP generalization advantage)"
4. Usage/Query,Accuracy per spot,"Exact (up to convergence tolerance). The strategy IS the Nash equilibrium for that specific tree","Approximate. Bounded by neural network function approximation error. Good but not exact","DCFR = exact per spot. Deep PDCFR = approximate but covers infinitely more spots"
4. Usage/Query,Inference speed,"Instant lookup: strategy is pre-computed in the binary file. O(1) per query","Neural net forward pass: ~1ms on GPU, ~10ms on CPU. O(network_depth) per query","Both fast at query time. DCFR slightly faster (table lookup) but Deep PDCFR still real-time"
5. Postflop Lib,Generation strategy,"Solve every flop (1755 strategically distinct flops) x every turn card x every river card x every bet size tree = MILLIONS of individual solves","Train ONE model per game configuration. Model generalizes across all boards. Or train per-street models","DCFR = millions of individual solves = 3000 years. Deep PDCFR = handful of training runs"
5. Postflop Lib,Storage for full library,"Massive: millions of binary files x hundreds of MB each = hundreds of TB total","Compact: one set of model weights ~5-10 MB per configuration. Total library could be <1 GB","DCFR library = hundreds of TB. Deep PDCFR library = under 1 GB"
5. Postflop Lib,Cloud deployment,"Must store and serve massive binary files. Each query requires loading the right file for that exact spot","Deploy model weights to cloud. Single model handles all queries via forward pass. Standard ML serving infrastructure","DCFR = massive storage + file routing. Deep PDCFR = standard ML model serving"
5. Postflop Lib,Cost estimate,"3000 years CPU time benchmark. Even parallelized across cloud: enormous compute cost + storage cost","Orders of magnitude less: GPU training for days-weeks + minimal storage. Cloud GPU cost is manageable","This is the core value proposition of Deep PDCFR for your project"
5. Postflop Lib,Updating/retraining,"Must re-solve every affected spot from scratch if bet sizing tree changes","Fine-tune existing model with additional training. Incremental updates possible","DCFR = start over. Deep PDCFR = continue training"
